﻿{
  "culture": "en",
  "texts": {
    "ListOfUser": "List of user",
    "SyncUsersFromAdSuccessed": "Sync users from Active Directory Successed!",
    "SyncFromAd": "Sync from AD",
    "SearchFromAd": "Search from Ad",
    "SyncImageFromCloud": "Sync image from cloud",
    "AddNewUser": "Add new user",
    "UpdateUser": "Update user",
    "Domain": "Domain",
    "UserName": "User name",
    "Password": "Password",
    "FirstName": "First name",
    "LastName": "Last name",
    "Email": "Email",
    "Active": "Active",
    "FullNameUnicode": "Full name unicode",
    "JpegPhoto": "Image of user",
    "ManagerName": "Manager",
    "DepartmentName": "Department"
  }
}